TEAM,CONF,G,W,ADJOE,ADJDE,BARTHAG,EFG_O,EFG_D,TOR,TORD,ORB,DRB,FTR,FTRD,2P_O,2P_D,3P_O,3P_D,ADJ_T,WAB,WON,SEED,YEAR
North Carolina,ACC,40,33,123.3,94.9,0.9531,52.6,48.1,15.4,18.2,40.7,30,32.3,30.4,53.9,44.6,32.7,36.2,71.7,8.6,1,1,2016
Wisconsin,B10,40,36,129.1,93.6,0.9758,54.8,47.7,12.4,15.8,32.1,23.7,36.2,22.4,54.8,44.7,36.5,37.5,59.3,11.3,1,1,2015
Michigan,B10,40,33,114.4,90.4,0.9375,53.9,47.7,14,19.5,25.5,24.9,30.7,30,54.7,46.8,35.2,33.2,65.9,6.9,1,3,2018
Texas Tech,B12,38,31,115.2,85.2,0.9696,53.5,43,17.7,22.8,27.4,28.7,32.9,36.6,52.8,41.9,36.5,29.7,67.5,7,1,3,2019
Gonzaga,WCC,39,37,117.8,86.3,0.9728,56.6,41.1,16.2,17.1,30,26.2,39,26.9,56.3,40,38.2,29,71.5,7.7,1,1,2017
Kentucky,SEC,40,29,117.2,96.2,0.9062,49.9,46,18.1,16.1,42,29.7,51.8,36.8,50,44.9,33.2,32.2,65.9,3.9,1,8,2014
Michigan,B10,38,30,121.5,93.7,0.9522,54.6,48,14.6,18.7,32.5,29.4,28.4,22.7,53.4,47.6,37.9,32.6,64.8,6.2,1,4,2013
Gonzaga,WCC,26,26,125.4,89.8,0.9791,61,47.5,16.1,20.3,30.4,23.4,36.7,25.9,64,46.8,36.5,32.5,74.6,8.5,1,1,2021
North Carolina,ACC,39,29,114.4,93.5,0.9113,51.5,48.6,16.4,13.6,31.9,21.6,30.3,21.4,50.1,47.5,35.8,33.7,70.1,4.3,1,8,2022
San Diego St.,MWC,38,32,110.8,89.5,0.9205,49.3,46.5,17.3,19.1,31.6,26.1,33.2,30.2,48.4,49.3,34,28.3,65.7,5.7,1,5,2023
Duke,ACC,39,35,125.2,90.6,0.9764,56.6,46.5,16.3,18.6,35.8,30.2,39.8,23.9,55.9,46.3,38.7,31.4,66.4,10.7,1,1,2015
Virginia,ACC,38,35,123,89.9,0.9736,55.2,44.7,14.7,17.5,30.4,25.4,29.1,26.3,52.5,45.7,39.5,28.9,60.7,11.1,1,1,2019
North Carolina,ACC,39,33,121,91.5,0.9615,51.7,48.1,16.2,18.6,41.3,25,34.3,31.6,51,46.3,35.5,33.9,72.8,8.4,1,1,2017
Villanova,BE,40,35,123.1,90.9,0.9703,56.1,46.7,16.3,20.6,28.2,29.4,34.1,30,57.4,44.1,36.2,33.9,66.7,8.9,1,2,2016
Villanova,BE,40,36,128.4,94.1,0.9725,59.5,48.5,15,18.2,29.6,27.1,29.4,26.7,59,49,40.1,31.7,69.6,10.6,1,1,2018
Connecticut,Amer,40,32,112.5,91.3,0.9171,51.5,44.6,17.3,19.6,30.4,32.8,38.3,35.7,48.1,42.2,38.7,33,64.8,4.7,1,7,2014
Louisville,BE,40,35,115.9,84.5,0.9743,50.6,44.8,18.3,27,38.2,33.3,40,34.9,50.8,43.4,33.3,31.8,67.1,9,1,1,2013
Baylor,B12,24,22,123.2,94.5,0.9548,57.5,49.1,17.6,24.6,37.5,30.9,27,31.7,54.1,48.1,41.8,34,68.8,6.6,1,1,2021
Kansas,B12,40,34,119.8,91.3,0.958,53.8,45.8,17.3,18.1,32.9,28.6,32.3,27.7,53.6,46.4,36.1,29.8,69.1,10.4,1,1,2022
Connecticut,BE,39,31,121.5,91.2,0.9643,53.9,44.4,18.9,18.5,38.5,26.1,30.8,37.8,53.6,44.4,36.3,29.7,66.7,5,1,4,2023
Louisville,ACC,36,27,109.4,87.4,0.929,47.7,44,17.2,21.3,34.7,30.8,38.7,33.3,48.4,43.3,30.7,30.3,65.6,5.8,0,4,2015
Notre Dame,ACC,38,32,125.3,98.6,0.9401,58.3,47.9,14.5,17.3,27.9,32.2,36.7,24.1,58.2,47.4,39,32.6,63.9,8.6,0,3,2015
Notre Dame,ACC,36,24,118.3,103.3,0.8269,54,49.5,15.3,14.8,32.7,32.1,32.9,26,52.9,46.5,37.4,36.9,65.5,2.3,0,6,2016
Virginia,ACC,37,29,119.9,91,0.96,54.8,48.4,15.1,18.8,29.9,25.2,32.1,33.4,52.6,46.3,40.3,34.7,61.9,8.6,0,1,2016
Duke,ACC,37,29,122.3,92.9,0.9592,55.9,46.4,17.5,17.3,38.8,30,34.6,22.3,56,45.4,37.2,32,70.9,6.6,0,2,2018
Florida St.,ACC,35,23,113.2,96.4,0.8631,53.2,48.4,17.8,19.4,32.3,29.8,37,32.4,53.6,45.4,35,35.5,72.5,0.9,0,9,2018
Duke,ACC,38,32,118.9,89.2,0.9646,53.6,45,17.5,19.4,35.6,29.5,33.2,24,58,45,30.8,29.9,73.6,11.2,0,1,2019
Purdue,B10,36,26,122.8,94.3,0.9539,53.6,49,15.8,18.6,34.5,27,29.9,31.7,51.5,47.2,37.4,34.2,67,6.1,0,3,2019
Kansas,B12,37,32,120.9,90.4,0.9662,55.7,45.1,17.8,18.5,32.2,27.9,38.6,37.3,52.7,43.4,41.3,32.5,70.1,11.6,0,1,2016
Kansas,B12,36,31,121.5,94.5,0.9472,56.1,48.1,17.6,18.6,34.1,29.7,36,30,53.6,45.3,40.4,35.6,71.4,11,0,1,2017
Kansas St.,B12,37,25,109.6,93.7,0.8584,52.6,49.1,17.2,21.6,25.9,31.9,33.8,36.8,53.4,48.9,34.1,33,66.5,2.5,0,9,2018
Texas Tech,B12,37,27,112.7,91.5,0.917,52,46.4,17.8,21.7,32.9,28.7,39.3,38,51.1,45.1,35.9,32.3,67.6,4.7,0,3,2018
Xavier,BE,38,24,115.6,97.9,0.8713,51.9,51.6,18.4,17.5,34.5,25.5,41.1,33.4,52,52.5,34.5,33.4,68.4,1.6,0,11,2017
Arizona,P12,38,34,117.5,86.9,0.97,53.5,45.1,16.5,20.6,34.5,22.4,47.1,37.3,53.3,42.7,36,33.5,66.7,9,0,2,2015
Oregon,P12,37,30,118.4,96.2,0.9163,52.3,48.9,16.1,20.2,34.1,30.5,40.3,32,52.6,46.1,34.4,36.2,69,6.7,0,1,2016
Florida,SEC,36,27,116.6,88.9,0.9576,51.6,45.8,16.9,21,32.1,29.5,40.2,34,50.3,45.7,35.9,30.5,70.2,6.4,0,4,2017
Kentucky,SEC,38,32,118.3,91.3,0.9517,52.9,47.5,15.7,19.2,33.5,27.7,40.9,33.5,52.9,48.3,35.3,30.6,73.7,9,0,2,2017
Kentucky,SEC,37,30,117.5,89.8,0.9568,53,46.6,18.6,17.9,36.8,25.5,41.9,26.8,52.9,43.6,35.4,34.3,66.9,8.8,0,2,2019
Gonzaga,WCC,37,34,120.2,93.1,0.9498,57.9,44.2,16.1,17.1,33.9,28,38.7,30.5,57,42,40,33,65.2,7.8,0,2,2015
Gonzaga,WCC,37,33,123.4,89.9,0.9744,59,44.2,14.9,19,31.5,26.8,35.3,25.9,61.4,43.4,36.3,30.4,72,7,0,1,2019
Arizona,P12,38,33,116.2,87.4,0.9636,51.7,42.3,15.7,19.1,36.4,27.3,41,34.2,50.7,40.2,36.4,32,64.3,9.4,0,1,2014
Michigan,B10,37,28,125,99.9,0.9295,55.7,49.4,14.8,17.1,29.4,30.5,34.9,26.7,52.7,50.2,40.2,31.8,62.6,7.7,0,2,2014
Michigan St.,B10,38,29,119.6,95.3,0.9319,54.5,45.8,17.4,17.7,32.9,27.5,33.7,40.3,52.1,43.5,39.2,33.2,66.2,6.9,0,4,2014
Dayton,A10,37,26,113,99.1,0.8188,52.4,48.8,18.1,18.8,33.9,28.8,40.6,43,50.4,48.3,37.7,33.2,65.4,0.6,0,11,2014
Ohio St.,B10,37,29,113.6,89.4,0.9406,50.6,45.4,16.2,20.7,31.8,28.2,35.5,29.5,49.4,43.6,35.6,32.4,65.3,7.2,0,2,2013
Duke,ACC,36,30,118.4,91.5,0.9507,53.9,45.5,15.6,20.4,28.8,32.3,39.2,32.7,50.8,46.2,39.9,29,67.8,7.5,0,2,2013
Marquette,BE,35,26,113,93.2,0.902,49.6,46.2,20.9,19.5,38.4,33.1,40.9,31.7,51.6,44.9,29.6,32.3,64.6,4.5,0,3,2013
Florida,SEC,37,29,115.7,85.7,0.9694,55.2,43.3,17.8,22.5,34.2,28.4,31,29.9,54.3,41.8,37.8,31,62.8,4.1,0,3,2013
Michigan,B10,24,20,118.1,91.1,0.9521,54.9,44.9,16.3,15.1,29.4,24.8,28.9,24.5,53.3,42.3,38.7,33.5,66.9,7.2,0,1,2021
Arkansas,SEC,28,22,110.4,91.2,0.8997,51.5,47.6,17.4,20.3,31.7,26.2,32.7,29.3,51.9,46.9,33.9,32.6,73.1,4.6,0,3,2021
USC,P12,29,22,112,92,0.9052,52.1,45.4,18.1,17.4,35.7,27.3,37.5,24.8,52.1,42.2,34.8,34.2,67.2,3.6,0,6,2021
Oregon St.,P12,28,17,108.5,99.6,0.7289,48.7,50.4,17.2,18.5,29.8,29.4,34,38.2,46.9,52.5,34.6,31.4,65.1,-1.6,0,12,2021
Arkansas,SEC,37,28,108.7,90.7,0.8894,48.6,47.5,16.9,20.5,29.6,25.3,37.2,31.9,50.1,46.8,30.4,32.4,70.6,4.5,0,4,2022
Houston,Amer,38,32,116.5,88.5,0.9595,53.1,43.3,16.9,21.7,37.7,28,29,34.7,54.5,43.4,33.8,28.8,63.7,6.2,0,5,2022
Miami FL,ACC,37,26,113.6,97.9,0.8467,53.4,52.5,14,20.4,22.4,30.3,28.9,24.8,54.8,53,33.9,34.5,67.7,2.6,0,10,2022
Saint Peter's,MAAC,33,22,99.4,93.1,0.6786,47.5,44.2,20.1,20.5,30.9,29,37.4,41.2,45.6,44.5,34.6,29.2,65.6,-5.6,0,15,2022
Texas,B12,38,29,116.1,91.8,0.9371,53.3,48.1,16.3,22.1,28.3,29,30.5,33.7,54,47.9,34.7,32.4,68.5,7.5,0,2,2023
Kansas St.,B12,36,26,112.6,94.7,0.8803,52.3,48.1,19.3,21,29.9,30.3,36.1,36.3,52.8,49.2,34.3,30.8,69.8,4.2,0,3,2023
Gonzaga,WCC,36,31,123.2,99,0.9251,57.6,51.4,14.8,17.8,31.2,25.6,34.1,26,58.2,50.6,37.5,35.2,70.1,6.6,0,3,2023
Creighton,BE,37,24,115,93.2,0.9177,54.2,47.1,16.6,13.9,25.3,23.5,28.4,19.7,55.1,45.7,35.4,33.6,67.7,2.2,0,6,2023
Syracuse,ACC,37,23,111.9,93.6,0.8857,50,47.3,18.1,20.4,33.5,35.3,35.4,28,47.2,48.1,36,30.7,65.5,-0.3,1,10,2016
Michigan St.,B10,39,27,116.3,92.6,0.9327,53.2,44.9,17.5,16.5,33.5,27,32.7,39,50.8,43.8,38.5,31.5,63.9,3,1,7,2015
Michigan St.,B10,39,32,119.9,91,0.9597,55.2,43.9,18.5,14.9,33.9,26.4,33.6,27.5,54.3,41.9,37.8,31.6,68.6,10.7,1,2,2019
Oklahoma,B12,37,29,118.2,94.1,0.9326,54.3,47.2,18.3,17.7,31.2,30.5,33,28.3,48.2,45.3,42.2,33.7,70.8,8,1,2,2016
Kansas,B12,39,31,122.1,96.4,0.9385,57.5,49.1,16.6,18.2,29.4,31.2,27,24.6,55.6,48.6,40.1,33.3,69.9,8.2,1,1,2018
Loyola Chicago,MVC,37,32,110.5,95.4,0.8444,57.7,47.4,19.1,19.4,22.1,25.9,32.2,25.2,56.6,47.1,39.8,32,66.4,2,1,11,2018
Oregon,P12,38,33,117.8,93.8,0.9321,55.5,46.4,17.1,19.3,32.4,29.5,34.4,26.3,54.5,46.1,38,31.2,68.4,6,1,3,2017
Kentucky,SEC,39,38,120.3,84,0.9842,51.5,39.6,16.3,21.3,39.5,31.8,43.9,31.7,51.2,39.1,34.9,27.1,63.5,13.1,1,1,2015
South Carolina,SEC,36,26,108.7,89,0.9083,47.3,45.5,18.4,24.3,34,31.6,40.2,44.5,45.9,45.4,33.4,30.6,69.6,1.7,1,7,2017
Auburn,SEC,39,30,121.3,95.2,0.942,54.4,51.7,16.8,24.6,31.6,32.8,30.9,36.4,51.7,51.4,38.1,34.8,69.3,6.1,1,5,2019
Florida,SEC,39,36,115.9,88.4,0.9575,52.2,45.4,17.5,21.3,35.3,28,42.4,31.2,51.3,43.5,35.9,33,63.1,11.7,1,1,2014
Wisconsin,B10,38,30,122.7,95.9,0.9441,53.3,47.2,12.7,15.3,28.1,27.4,42.7,27.1,51.3,45.9,37.6,34.1,63.9,7.9,1,2,2014
Syracuse,BE,40,30,113,87,0.9533,49,42.6,18.9,23.6,38.8,34.5,36.8,35.4,48.5,42.6,33.4,28.4,65.4,5.1,1,4,2013
Wichita St.,MVC,39,30,110.6,91,0.9045,50,45.3,19.4,20,38,26.5,36.5,38.3,49.6,43.6,33.9,32.2,65,2.2,1,9,2013
Houston,Amer,26,24,120.6,90.9,0.9626,51.3,42.9,16.3,21.6,39.4,28,30.7,42.4,49.9,43,35.5,28.5,65,4,1,2,2021
UCLA,P12,26,17,112.3,97.5,0.835,52,50.7,16.6,17.6,30.4,24.4,32.6,28,50.6,49.4,36.7,35.1,64.7,1,1,11,2021
Duke,ACC,39,32,122.7,96,0.944,55.6,47.1,15,15.7,31.7,28.9,28.6,19.1,56,46.6,36.6,32,67.4,7.2,1,2,2022
Villanova,BE,38,30,117.2,93,0.9346,51.5,47.3,15.5,18.4,31.2,28.9,29.8,25,49.5,48.1,35.9,30.8,62.2,7.3,1,2,2022
Miami FL,ACC,37,29,119.1,100.9,0.8715,54.3,51.2,16.1,18.1,31.8,28.8,30.7,24,53.8,51.8,36.8,33.5,68.6,3.7,1,5,2023
Florida Atlantic,CUSA,37,35,114,95.8,0.8815,54.3,46.1,16.9,17.7,31.4,25.4,29.6,26.3,53.8,44.7,36.6,32.4,67.5,4.7,1,9,2023
